model,accuracy_mean,accuracy_std,f1_macro_mean,f1_macro_std
logistic_regression,0.25,0.1767766952966369,0.20777777777777778,0.14399931412731035
random_forest,0.175,0.12747548783981963,0.1714285714285714,0.18390449064121445
mlp,0.15,0.14577379737113252,0.11805555555555554,0.12894993764927956
